query_id	query	answer	timestamp	status
1	압수·수색 과정에서 피고인이 아닌 다른 사람의 주거지를 수색할 때, 법적 절차는 어떻게 되어야 하나요?	"[답변]  
압수·수색은 수사기관이 범죄 수사를 위해 필요한 경우에 법원의 영장을 발부받아 피의자나 관련자의 주거지, 사무실 등을 수색하고 증거물을 압수하는 절차입니다. 피고인이 아닌 다른 사람의 주거지를 수색할 때에도 동일하게 법원의 영장이 필요합니다. 이는 헌법과 형사소송법에서 규정한 영장주의와 적법절차 원칙에 따라, 개인의 사생활과 주거의 자유를 보호하기 위한 것입니다. 수사기관은 영장을 발부받기 위해 수색의 필요성과 범위를 명확히 제시해야 하며, 영장에는 수색할 장소와 압수할 물건이 구체적으로 기재되어 있어야 합니다. 또한, 수색 과정에서는 영장을 제시하고, 수색 대상자에게 참여 기회를 제공해야 합니다. 이러한 절차를 준수하지 않으면 수집된 증거는 법정에서 유효한 증거로 인정받지 못할 수 있습니다.

[관련 법령]  
- 헌법 제16조: 모든 국민은 주거의 자유를 침해받지 아니하며, 주거에 대한 압수나 수색을 할 때에는 법관이 발부한 영장을 제시하여야 한다.  
- 형사소송법 제215조: 검사 또는 사법경찰관은 범죄 수사에 필요한 경우에 한하여 법원의 영장을 발부받아 압수·수색을 할 수 있다.  

[관련 사례/예시]  
대법원 2007도3061 전원합의체 판결에서는 수사기관이 피고인의 주거지 외에 다른 사람의 주거지를 수색할 때에도 영장주의와 적법절차를 엄격히 준수해야 한다고 판시하였습니다. 이 사건에서는 수사기관이 피고인의 주거지를 수색하면서 적법한 절차를 따르지 않았다는 이유로, 수집된 증거가 유죄 인정의 증거로 사용될 수 없다고 판단하였습니다. 이는 수사기관의 절차 위반이 적법절차의 실질적인 내용을 침해한 경우에 해당한다고 보았습니다.

[주의사항]  
압수·수색은 개인의 기본권을 침해할 수 있는 강제처분이므로, 수사기관은 법에서 정한 절차를 엄격히 준수해야 합니다. 영장 없이 이루어진 수색이나 절차 위반이 있는 경우, 수집된 증거는 법정에서 증거능력을 인정받지 못할 수 있으며, 이는 수사의 결과에 중대한 영향을 미칠 수 있습니다. 따라서, 수사기관은 영장 발부 절차와 수색 과정에서의 적법절차를 철저히 준수해야 하며, 피수색자는 자신의 권리를 보호하기 위해 수색 과정에 참여하고, 절차 위반이 있을 경우 이를 즉시 문제 삼아야 합니다."	2025-12-11T09:57:39.483551	success
2	공소장 변경이 허용되지 않는 특별한 사정이 무엇인지 궁금합니다.	"[답변]  
공소장 변경이 허용되지 않는 특별한 사정은 주로 피고인의 방어권을 본질적으로 침해할 우려가 있는 경우입니다. 공소장 변경은 피고인의 방어권을 보장하기 위해 엄격한 절차를 따르며, 공소사실의 변경이 피고인에게 예기치 않은 불이익을 초래하거나 방어 준비에 실질적인 지장을 초래할 경우 허용되지 않습니다. 예를 들어, 공소사실이 전혀 다른 범죄로 변경되거나, 피고인이 예상하지 못한 새로운 법적 쟁점이 추가되는 경우가 이에 해당할 수 있습니다. 이러한 경우, 피고인은 새로운 공소사실에 대해 충분한 방어 준비를 할 시간이 필요하며, 법원은 피고인의 방어권을 보장하기 위해 공소장 변경을 허용하지 않을 수 있습니다. 이는 형사소송법의 기본 원칙인 불고불리의 원칙과 피고인의 방어권 보장을 위한 것입니다.

[관련 법령]  
- 형사소송법 제298조: 공소장 변경의 허용 요건 및 절차에 관한 규정.  
- 형사소송법 제266조의3: 공소장 변경의 필요성과 피고인의 방어권 보장에 관한 규정.

[관련 사례/예시]  
대법원 2009. 6. 11. 선고 2009도1830 판결에서는 공소장 변경이 피고인의 방어권을 본질적으로 침해하지 않는 경우에 한해 허용될 수 있다고 판시하였습니다. 이 사건에서 법원은 피고인에게 충분한 변론 기회를 제공하였고, 피고인의 방어권이 본질적으로 침해되지 않았다고 판단하여 공소장 변경을 허용하였습니다. 반면, 대법원 2002. 3. 15. 선고 2001도970 판결에서는 피고인의 방어권 행사에 실질적인 불이익을 초래할 염려가 있는 경우 공소장 변경이 허용되지 않는다고 판시하였습니다.

[주의사항]  
공소장 변경은 피고인의 방어권을 보장하기 위한 절차적 장치로, 법원은 피고인의 방어권이 침해되지 않도록 주의해야 합니다. 피고인은 공소장 변경에 대해 충분히 이해하고, 변론 준비를 할 수 있는 시간을 보장받아야 합니다. 또한, 공소장 변경이 허용되지 않는 경우에도 피고인의 방어권이 충분히 보장될 수 있도록 법원은 필요한 조치를 취해야 합니다. 피고인이나 변호인은 공소장 변경이 방어권을 침해한다고 판단될 경우, 이에 대해 적극적으로 이의를 제기할 수 있습니다."	2025-12-11T09:58:02.335632	success
